epoch,mag,mag_err,weight,curve_idx
2459182.3299,13.016,0.057,1.0,0
2459182.33027,12.96,0.06,1.0,0
2459182.33064,12.987,0.063,1.0,0
2459182.33101,13.047,0.07,1.0,0
2459182.33138,13.104,0.07,1.0,0
2459182.33175,13.121,0.066,1.0,0
2459182.33212,13.033,0.058,1.0,0
2459182.33248,13.116,0.081,1.0,0
2459182.3347,13.182,0.065,1.0,0
2459182.33507,13.212,0.064,1.0,0
2459182.33544,13.254,0.069,1.0,0
2459182.33581,13.331,0.074,1.0,0
2459182.33619,13.217,0.059,1.0,0
2459182.33656,13.437,0.078,1.0,0
2459182.33693,13.286,0.062,1.0,0
2459182.3373,13.2,0.062,1.0,0
2459182.33767,13.414,0.076,1.0,0
2459182.33804,13.304,0.067,1.0,0
2459182.33841,13.389,0.073,1.0,0
2459182.33878,13.319,0.069,1.0,0
2459182.33915,13.431,0.073,1.0,0
2459182.33952,13.456,0.074,1.0,0
2459182.33989,13.299,0.066,1.0,0
2459182.34026,13.448,0.074,1.0,0
2459182.34063,13.441,0.074,1.0,0
2459182.34099,13.393,0.072,1.0,0
2459182.3421,13.464,0.073,1.0,0
2459182.34247,13.569,0.084,1.0,0
2459182.34284,13.466,0.074,1.0,0
2459182.34395,13.331,0.067,1.0,0
2459182.34432,13.378,0.069,1.0,0
2459182.34469,13.512,0.079,1.0,0
2459182.34506,13.431,0.07,1.0,0
2459182.34543,13.406,0.072,1.0,0
2459182.3458,13.393,0.065,1.0,0
2459182.34617,13.489,0.074,1.0,0
2459182.3469,13.398,0.07,1.0,0
2459182.3469,13.387,0.068,1.0,0
2459182.34727,13.351,0.061,1.0,0
2459182.34764,13.493,0.073,1.0,0
2459182.3495,13.428,0.065,1.0,0
2459182.34987,13.385,0.061,1.0,0
2459182.35024,13.256,0.055,1.0,0
2459182.35098,13.419,0.066,1.0,0
2459182.35246,13.409,0.067,1.0,0
2459182.35282,13.33,0.063,1.0,0
2459182.35319,13.382,0.066,1.0,0
2459182.35356,13.299,0.062,1.0,0
2459182.3543,13.246,0.059,1.0,0
2459182.35467,13.254,0.058,1.0,0
2459182.35467,13.267,0.059,1.0,0
2459182.35541,13.297,0.064,1.0,0
2459182.35615,13.197,0.053,1.0,0
2459182.35652,13.372,0.062,1.0,0
2459182.35726,13.38,0.061,1.0,0
2459182.35763,13.39,0.061,1.0,0
2459182.35911,13.263,0.052,1.0,0
2459182.35948,13.293,0.055,1.0,0
2459182.36022,13.22,0.052,1.0,0
2459182.3606,13.313,0.055,1.0,0
2459182.36097,13.21,0.051,1.0,0
2459182.36134,13.309,0.059,1.0,0
2459182.36171,13.304,0.056,1.0,0
2459182.36208,13.27,0.054,1.0,0
2459182.36245,13.346,0.059,1.0,0
2459182.36282,13.373,0.056,1.0,0
2459182.36319,13.366,0.056,1.0,0
2459182.36393,13.262,0.054,1.0,0
2459182.3643,13.368,0.056,1.0,0
2459182.36467,13.335,0.055,1.0,0
2459182.36504,13.285,0.053,1.0,0
2459182.36541,13.327,0.053,1.0,0
2459182.36578,13.307,0.052,1.0,0
2459182.36615,13.258,0.053,1.0,0
2459182.36651,13.373,0.055,1.0,0
2459182.36688,13.238,0.05,1.0,0
2459182.36725,13.337,0.053,1.0,0
2459182.36762,13.292,0.052,1.0,0
2459182.36799,13.265,0.051,1.0,0
2459182.36836,13.311,0.052,1.0,0
2459182.36873,13.371,0.053,1.0,0
2459182.3691,13.37,0.053,1.0,0
2459182.36947,13.329,0.053,1.0,0
2459182.36984,13.306,0.053,1.0,0
2459182.37021,13.366,0.056,1.0,0
2459182.37058,13.306,0.051,1.0,0
2459182.37095,13.377,0.053,1.0,0
2459182.37132,13.355,0.054,1.0,0
2459182.37244,13.317,0.052,1.0,0
2459182.37281,13.303,0.05,1.0,0
2459182.37318,13.362,0.053,1.0,0
2459182.37355,13.37,0.052,1.0,0
2459182.37392,13.334,0.05,1.0,0
2459182.37539,13.357,0.054,1.0,0
2459182.37576,13.331,0.05,1.0,0
2459182.37613,13.33,0.05,1.0,0
2459182.3765,13.285,0.05,1.0,0
2459182.37687,13.346,0.052,1.0,0
2459182.37724,13.289,0.048,1.0,0
2459182.37761,13.33,0.051,1.0,0
2459182.37835,13.353,0.052,1.0,0
2459182.37872,13.345,0.05,1.0,0
2459182.37909,13.294,0.047,1.0,0
2459182.37983,13.255,0.047,1.0,0
2459182.3802,13.304,0.046,1.0,0
2459182.38057,13.36,0.051,1.0,0
2459182.38094,13.407,0.055,1.0,0
2459182.38131,13.284,0.046,1.0,0
2459182.38205,13.346,0.05,1.0,0
2459182.38242,13.326,0.048,1.0,0
2459182.38279,13.384,0.051,1.0,0
2459182.38317,13.5,0.055,1.0,0
2459182.38354,13.421,0.053,1.0,0
2459182.38428,13.345,0.051,1.0,0
2459182.38465,13.337,0.05,1.0,0
2459182.38502,13.374,0.051,1.0,0
2459182.38539,13.413,0.053,1.0,0
2459182.38576,13.408,0.053,1.0,0
2459182.38613,13.29,0.051,1.0,0
2459182.3865,13.345,0.052,1.0,0
2459182.38724,13.377,0.053,1.0,0
2459182.38761,13.308,0.049,1.0,0
2459182.38798,13.274,0.045,1.0,0
2459182.38834,13.258,0.049,1.0,0
2459182.38908,13.166,0.043,1.0,0
2459182.38945,13.203,0.043,1.0,0
2459182.38982,13.106,0.042,1.0,0
2459182.39019,13.063,0.039,1.0,0
2459182.39056,13.064,0.04,1.0,0
2459182.3913,12.976,0.035,1.0,0
2459182.39167,13.035,0.038,1.0,0
2459182.39204,12.948,0.035,1.0,0
2459182.39241,12.921,0.034,1.0,0
2459182.39315,12.957,0.036,1.0,0
2459182.39352,12.896,0.033,1.0,0
2459182.39389,12.861,0.036,1.0,0
2459182.39426,12.804,0.031,1.0,0
2459182.39464,12.854,0.046,1.0,0
2459182.39501,12.793,0.037,1.0,0
2459182.39575,12.798,0.036,1.0,0
2459182.39649,12.754,0.037,1.0,0
2459182.39797,12.684,0.039,1.0,0
2459182.39833,12.685,0.034,1.0,0
2459182.3987,12.723,0.033,1.0,0
2459182.40018,12.627,0.029,1.0,0
2459182.40166,12.655,0.031,1.0,0
2459182.40203,12.646,0.028,1.0,0
2459182.4024,12.639,0.028,1.0,0
2459182.40277,12.567,0.027,1.0,0
2459182.40314,12.601,0.028,1.0,0
2459182.40388,12.625,0.027,1.0,0
2459182.40425,12.582,0.028,1.0,0
2459182.40462,12.594,0.031,1.0,0
2459182.40499,12.558,0.026,1.0,0
2459182.40536,12.629,0.03,1.0,0
2459182.40574,12.561,0.027,1.0,0
2459182.40611,12.56,0.028,1.0,0
2459182.40648,12.585,0.028,1.0,0
2459182.40722,12.534,0.027,1.0,0
2459182.40759,12.563,0.029,1.0,0
2459182.40795,12.552,0.027,1.0,0
2459182.40832,12.555,0.03,1.0,0
2459182.40869,12.517,0.027,1.0,0
2459182.40906,12.55,0.026,1.0,0
2459182.40943,12.535,0.026,1.0,0
2459182.4098,12.546,0.028,1.0,0
2459182.41017,12.513,0.026,1.0,0
2459182.41054,12.518,0.028,1.0,0
2459182.41091,12.555,0.027,1.0,0
2459182.41128,12.517,0.028,1.0,0
2459182.41165,12.534,0.031,1.0,0
2459182.41202,12.512,0.028,1.0,0
2459182.41239,12.545,0.029,1.0,0
2459182.41276,12.552,0.028,1.0,0
2459182.4131300002,12.555,0.03,1.0,0
2459182.4135,12.482,0.027,1.0,0
2459182.41387,12.538,0.027,1.0,0
2459182.41424,12.533,0.025,1.0,0
2459182.41461,12.501,0.025,1.0,0
2459182.41498,12.507,0.028,1.0,0
2459182.41535,12.496,0.025,1.0,0
2459182.41572,12.593,0.025,1.0,0
2459182.41609,12.553,0.025,1.0,0
2459182.41646,12.532,0.024,1.0,0
2459182.41683,12.549,0.025,1.0,0
2459182.4172,12.526,0.027,1.0,0
2459182.4183,12.518,0.028,1.0,0
2459182.41867,12.571,0.026,1.0,0
2459182.41905,12.566,0.026,1.0,0
2459182.41942,12.641,0.029,1.0,0
2459182.41979,12.568,0.028,1.0,0
2459182.42016,12.516,0.026,1.0,0
2459182.42053,12.584,0.029,1.0,0
2459182.4209,12.573,0.025,1.0,0
2459182.42127,12.59,0.03,1.0,0
2459182.42164,12.562,0.029,1.0,0
2459182.42238,12.55,0.027,1.0,0
2459182.42275,12.573,0.036,1.0,0
2459182.42312,12.573,0.033,1.0,0
2459182.42349,12.551,0.033,1.0,0
2459182.42386,12.556,0.029,1.0,0
2459182.42423,12.583,0.035,1.0,0
2459182.4246,12.578,0.031,1.0,0
2459182.42497,12.635,0.032,1.0,0
2459182.42534,12.601,0.033,1.0,0
2459182.42571,12.591,0.028,1.0,0
2459182.42644,12.643,0.037,1.0,0
2459182.42681,12.624,0.032,1.0,0
2459182.42718,12.663,0.035,1.0,0
2459182.42755,12.621,0.029,1.0,0
2459182.42792,12.672,0.034,1.0,0
2459182.42866,12.688,0.035,1.0,0
2459182.42903,12.704,0.035,1.0,0
2459182.4294,12.694,0.035,1.0,0
2459182.42977,12.729,0.035,1.0,0
2459182.43015,12.76,0.032,1.0,0
2459182.43052,12.712,0.03,1.0,0
2459182.43089,12.707,0.029,1.0,0
2459182.43126,12.733,0.03,1.0,0
2459182.43163,12.794,0.035,1.0,0
2459182.432,12.747,0.035,1.0,0
2459182.43237,12.772,0.037,1.0,0
2459182.43274,12.726,0.039,1.0,0
2459182.43311,12.744,0.039,1.0,0
2459182.43421,12.869,0.044,1.0,0
2459182.43532,12.824,0.042,1.0,0
2459182.43569,12.892,0.04,1.0,0
2459182.43606,12.89,0.038,1.0,0
2459182.4368,12.824,0.035,1.0,0
2459182.43717,12.854,0.035,1.0,0
2459182.43754,12.88,0.035,1.0,0
2459182.43791,12.906,0.036,1.0,0
2459182.43865,12.956,0.037,1.0,0
2459182.43902,12.971,0.037,1.0,0
2459182.43939,12.979,0.037,1.0,0
2459182.43976,12.974,0.037,1.0,0
2459182.44013,13.049,0.04,1.0,0
2459182.4405,13.017,0.035,1.0,0
2459182.44087,13.084,0.037,1.0,0
2459182.44124,13.023,0.034,1.0,0
2459182.44161,13.092,0.037,1.0,0
2459182.44199,13.022,0.036,1.0,0
2459182.44236,13.13,0.04,1.0,0
2459182.44273,13.152,0.041,1.0,0
2459182.4431,13.107,0.04,1.0,0
2459182.44347,13.18,0.044,1.0,0
2459182.44384,13.196,0.044,1.0,0
2459182.44421,13.169,0.04,1.0,0
2459182.44458,13.279,0.048,1.0,0
2459182.44494,13.32,0.05,1.0,0
2459182.44531,13.296,0.046,1.0,0
2459182.44568,13.318,0.044,1.0,0
2459182.44605,13.215,0.041,1.0,0
2459182.44642,13.273,0.043,1.0,0
2459182.44679,13.325,0.047,1.0,0
2459182.44716,13.307,0.043,1.0,0
2459182.44753,13.38,0.045,1.0,0
2459182.4479,13.424,0.046,1.0,0
2459182.44827,13.479,0.048,1.0,0
2459182.44901,13.428,0.047,1.0,0
2459182.44938,13.432,0.053,1.0,0
2459182.44975,13.487,0.051,1.0,0
2459182.45012,13.499,0.051,1.0,0
2459182.45049,13.546,0.049,1.0,0
2459182.45086,13.574,0.051,1.0,0
2459182.4516,13.596,0.054,1.0,0
2459182.45197,13.576,0.057,1.0,0
2459182.45234,13.588,0.106,1.0,0
2459182.45381,13.735,0.063,1.0,0
2459182.45418,13.582,0.055,1.0,0
2459182.45456,13.601,0.055,1.0,0
2459182.45493,13.744,0.068,1.0,0
2459182.4553,13.664,0.061,1.0,0
2459182.45567,13.642,0.058,1.0,0
2459182.45604,13.826,0.1,1.0,0
2459182.45678,13.698,0.073,1.0,0
2459182.45715,13.693,0.064,1.0,0
2459182.45752,13.734,0.061,1.0,0
2459182.45789,13.75,0.058,1.0,0
2459182.45826,13.683,0.056,1.0,0
2459182.45863,13.725,0.055,1.0,0
2459182.459,13.785,0.063,1.0,0
2459182.45937,13.727,0.056,1.0,0
2459182.45974,13.645,0.05,1.0,0
2459182.46011,13.695,0.053,1.0,0
2459182.46048,13.729,0.055,1.0,0
2459182.46085,13.764,0.056,1.0,0
2459182.46196,13.746,0.117,1.0,0
2459182.46196,13.724,0.055,1.0,0
2459182.46233,13.787,0.056,1.0,0
2459182.4627,13.667,0.051,1.0,0
2459182.46307,13.779,0.058,1.0,0
2459182.46344,13.779,0.055,1.0,0
2459182.46381,13.631,0.048,1.0,0
2459182.46418,13.672,0.05,1.0,0
2459182.46455,13.702,0.058,1.0,0
2459182.46493,13.696,0.054,1.0,0
2459182.4653,13.699,0.052,1.0,0
2459182.46567,13.68,0.051,1.0,0
2459182.46678,13.623,0.053,1.0,0
2459182.46752,13.748,0.053,1.0,0
2459182.46863,13.612,0.047,1.0,0
2459182.469,13.698,0.053,1.0,0
2459182.46937,13.673,0.049,1.0,0
2459182.46974,13.606,0.047,1.0,0
2459182.47011,13.588,0.044,1.0,0
2459182.47048,13.602,0.047,1.0,0
2459182.47085,13.705,0.051,1.0,0
2459182.47122,13.636,0.047,1.0,0
2459182.47159,13.702,0.054,1.0,0
2459182.47195,13.697,0.053,1.0,0
2459182.47232,13.632,0.047,1.0,0
2459182.47269,13.7,0.053,1.0,0
2459182.47306,13.647,0.05,1.0,0
2459182.47343,13.677,0.05,1.0,0
2459182.4738,13.655,0.046,1.0,0
2459182.47417,13.681,0.048,1.0,0
2459182.47454,13.714,0.051,1.0,0
2459182.47491,13.658,0.048,1.0,0
2459182.47528,13.695,0.05,1.0,0
2459182.47565,13.592,0.044,1.0,0
2459182.47604,13.561,0.047,1.0,0
2459182.47641,13.598,0.044,1.0,0
2459182.47678,13.688,0.05,1.0,0
2459182.47715,13.551,0.042,1.0,0
2459182.47752,13.658,0.048,1.0,0
2459182.47827,13.577,0.045,1.0,0
2459182.47864,13.582,0.046,1.0,0
2459182.47901,13.695,0.048,1.0,0
2459182.47938,13.631,0.047,1.0,0
2459182.47975,13.578,0.047,1.0,0
2459182.48013,13.631,0.049,1.0,0
2459182.4805,13.665,0.048,1.0,0
2459182.48087,13.647,0.048,1.0,0
2459182.48125,13.716,0.051,1.0,0
2459182.48162,13.704,0.051,1.0,0
2459182.4819900002,13.64,0.049,1.0,0
2459182.48237,13.656,0.048,1.0,0
2459182.48274,13.623,0.048,1.0,0
2459182.48311,13.602,0.044,1.0,0
2459182.48348,13.537,0.043,1.0,0
2459182.48385,13.462,0.041,1.0,0
2459182.48422,13.464,0.04,1.0,0
2459182.4846,13.44,0.041,1.0,0
2459182.48497,13.371,0.037,1.0,0
2459182.48534,13.426,0.04,1.0,0
2459182.48571,13.383,0.038,1.0,0
2459182.48608,13.391,0.037,1.0,0
2459182.48645,13.331,0.036,1.0,0
2459182.48682,13.244,0.033,1.0,0
2459182.48719,13.225,0.034,1.0,0
2459182.48755,13.288,0.034,1.0,0
2459182.48792,13.197,0.036,1.0,0
2459182.48829,13.168,0.032,1.0,0
2459182.48866,13.154,0.032,1.0,0
2459182.48903,13.154,0.035,1.0,0
2459182.4894,13.15,0.032,1.0,0
2459182.48978,13.133,0.033,1.0,0
2459182.49015,13.094,0.032,1.0,0
2459182.49089,13.069,0.033,1.0,0
2459182.49163,13.072,0.031,1.0,0
2459182.492,13.004,0.026,1.0,0
2459182.49237,13.002,0.025,1.0,0
2459182.49274,12.986,0.028,1.0,0
2459182.49311,12.967,0.026,1.0,0
2459182.49347,12.987,0.028,1.0,0
2459182.49384,12.914,0.026,1.0,0
2459182.49421,12.843,0.024,1.0,0
2459182.49458,12.917,0.025,1.0,0
2459182.49495,12.875,0.028,1.0,0
2459182.49532,12.865,0.029,1.0,0
2459182.49569,12.85,0.027,1.0,0
2459182.49606,12.836,0.029,1.0,0
2459182.49643,12.816,0.025,1.0,0
2459182.4968,12.822,0.026,1.0,0
2459182.49754,12.783,0.023,1.0,0
2459182.49791,12.752,0.022,1.0,0
2459182.49828,12.743,0.023,1.0,0
2459182.49865,12.775,0.025,1.0,0
2459182.49902,12.746,0.021,1.0,0
2459182.49939,12.726,0.022,1.0,0
2459182.49975,12.76,0.022,1.0,0
2459182.50012,12.73,0.025,1.0,0
2459182.53597,12.73,0.026,1.0,0
2459182.53633,12.764,0.026,1.0,0
2459182.5367,12.722,0.022,1.0,0
2459182.53707,12.736,0.023,1.0,0
2459182.53744,12.767,0.021,1.0,0
2459182.53781,12.792,0.023,1.0,0
2459182.53818,12.785,0.024,1.0,0
2459182.53855,12.819,0.02,1.0,0
2459182.53892,12.789,0.02,1.0,0
2459182.53929,12.835,0.02,1.0,0
2459182.53966,12.832,0.021,1.0,0
2459182.5404,12.844,0.02,1.0,0
2459182.54114,12.856,0.025,1.0,0
2459182.54188,12.887,0.022,1.0,0
2459182.54224,12.896,0.023,1.0,0
2459182.54261,12.913,0.024,1.0,0
2459182.54298,12.927,0.023,1.0,0
2459182.54335,12.931,0.024,1.0,0
2459182.54372,12.957,0.025,1.0,0
2459182.54409,12.951,0.025,1.0,0
2459182.54446,12.98,0.026,1.0,0
2459182.54483,13.037,0.026,1.0,0
2459182.5452,13.04,0.024,1.0,0
2459182.54557,13.078,0.026,1.0,0
2459182.54668,13.102,0.025,1.0,0
2459182.54706,13.16,0.026,1.0,0
2459182.54743,13.115,0.028,1.0,0
2459182.5478,13.103,0.027,1.0,0
2459182.54817,13.134,0.028,1.0,0
2459182.54854,13.09,0.027,1.0,0
2459182.5489,13.179,0.03,1.0,0
2459182.54927,13.188,0.029,1.0,0
2459182.54964,13.156,0.028,1.0,0
2459182.55001,13.19,0.029,1.0,0
2459182.55038,13.218,0.03,1.0,0
2459182.55075,13.192,0.028,1.0,0
2459182.55112,13.185,0.029,1.0,0
2459182.55149,13.218,0.032,1.0,0
2459182.5526,13.267,0.03,1.0,0
2459182.55297,13.207,0.028,1.0,0
2459182.55334,13.204,0.028,1.0,0
2459182.55371,13.294,0.033,1.0,0
2459182.55445,13.292,0.034,1.0,0
2459182.55482,13.326,0.035,1.0,0
2459182.55519,13.308,0.038,1.0,0
2459182.39479,12.834,0.071,1.0,1
2459182.39491,12.856,0.068,1.0,1
2459182.39504,12.839,0.069,1.0,1
2459182.39598,12.803,0.09,1.0,1
2459182.39611,12.731,0.1,1.0,1
2459182.39624,12.875,0.111,1.0,1
2459182.39651,12.658,0.076,1.0,1
2459182.39664,12.709,0.063,1.0,1
2459182.39678,12.773,0.091,1.0,1
2459182.3969,12.744,0.064,1.0,1
2459182.39704,12.745,0.065,1.0,1
2459182.39717,12.779,0.065,1.0,1
2459182.39731,12.775,0.055,1.0,1
2459182.39744,12.705,0.052,1.0,1
2459182.3977,12.73,0.047,1.0,1
2459182.39783,12.751,0.042,1.0,1
2459182.39797,12.76,0.044,1.0,1
2459182.39809,12.805,0.047,1.0,1
2459182.39824,12.784,0.054,1.0,1
2459182.39836,12.739,0.039,1.0,1
2459182.3985,12.652,0.039,1.0,1
2459182.39863,12.83,0.054,1.0,1
2459182.39877,12.771,0.054,1.0,1
2459182.39889,12.822,0.106,1.0,1
2459182.39903,12.693,0.082,1.0,1
2459182.39916,12.737,0.101,1.0,1
2459182.39943,12.666,0.09,1.0,1
2459182.39957,12.856,0.096,1.0,1
2459182.39969,12.684,0.06,1.0,1
2459182.39983,12.546,0.043,1.0,1
2459182.39996,12.663,0.045,1.0,1
2459182.4001,12.698,0.045,1.0,1
2459182.40022,12.611,0.036,1.0,1
2459182.40035,12.646,0.034,1.0,1
2459182.40049,12.596,0.033,1.0,1
2459182.40062,12.503,0.046,1.0,1
2459182.40076,12.592,0.069,1.0,1
2459182.40115,12.59,0.051,1.0,1
2459182.40129,12.662,0.035,1.0,1
2459182.40142,12.798,0.041,1.0,1
2459182.40156,12.725,0.04,1.0,1
2459182.40168,12.663,0.043,1.0,1
2459182.40182,12.675,0.039,1.0,1
2459182.40195,12.65,0.04,1.0,1
2459182.40209,12.666,0.037,1.0,1
2459182.40222,12.662,0.045,1.0,1
2459182.40236,12.695,0.035,1.0,1
2459182.40248,12.678,0.029,1.0,1
2459182.40262,12.696,0.029,1.0,1
2459182.40275,12.635,0.028,1.0,1
2459182.40289,12.68,0.03,1.0,1
2459182.40302,12.695,0.028,1.0,1
2459182.40314,12.59,0.031,1.0,1
2459182.40342,12.549,0.036,1.0,1
2459182.40355,12.637,0.029,1.0,1
2459182.40367,12.608,0.026,1.0,1
2459182.40382,12.654,0.027,1.0,1
2459182.40394,12.664,0.027,1.0,1
2459182.40408,12.64,0.026,1.0,1
2459182.40421,12.636,0.026,1.0,1
2459182.40434,12.655,0.026,1.0,1
2459182.40447,12.644,0.025,1.0,1
2459182.40461,12.706,0.027,1.0,1
2459182.40474,12.652,0.026,1.0,1
2459182.40488,12.721,0.032,1.0,1
2459182.40501,12.64,0.025,1.0,1
2459182.40514,12.594,0.025,1.0,1
2459182.40527,12.638,0.026,1.0,1
2459182.4054,12.626,0.026,1.0,1
2459182.40554,12.604,0.024,1.0,1
2459182.40567,12.581,0.024,1.0,1
2459182.4058,12.587,0.025,1.0,1
2459182.40593,12.622,0.026,1.0,1
2459182.40607,12.672,0.033,1.0,1
2459182.4062,12.634,0.028,1.0,1
2459182.40634,12.575,0.028,1.0,1
2459182.40647,12.529,0.028,1.0,1
2459182.4066,12.604,0.028,1.0,1
2459182.40673,12.639,0.03,1.0,1
2459182.40687,12.525,0.024,1.0,1
2459182.40699,12.588,0.026,1.0,1
2459182.40714,12.647,0.028,1.0,1
2459182.40726,12.581,0.025,1.0,1
2459182.4074,12.578,0.026,1.0,1
2459182.40753,12.551,0.025,1.0,1
2459182.40767,12.599,0.025,1.0,1
2459182.40779,12.56,0.024,1.0,1
2459182.40792,12.61,0.025,1.0,1
2459182.40806,12.517,0.024,1.0,1
2459182.40819,12.611,0.025,1.0,1
2459182.40833,12.528,0.024,1.0,1
2459182.40859,12.585,0.025,1.0,1
2459182.40872,12.582,0.026,1.0,1
2459182.40885,12.57,0.025,1.0,1
2459182.40899,12.583,0.026,1.0,1
2459182.40912,12.59,0.025,1.0,1
2459182.40925,12.573,0.024,1.0,1
2459182.40938,12.529,0.022,1.0,1
2459182.40952,12.613,0.025,1.0,1
2459182.40965,12.532,0.022,1.0,1
2459182.40979,12.536,0.022,1.0,1
2459182.40991,12.508,0.022,1.0,1
2459182.41004,12.564,0.023,1.0,1
2459182.41018,12.523,0.022,1.0,1
2459182.41031,12.592,0.028,1.0,1
2459182.41044,12.518,0.023,1.0,1
2459182.41057,12.524,0.023,1.0,1
2459182.4107,12.537,0.022,1.0,1
2459182.41084,12.522,0.023,1.0,1
2459182.41097,12.511,0.022,1.0,1
2459182.41111,12.488,0.022,1.0,1
2459182.41123,12.551,0.024,1.0,1
2459182.41137,12.511,0.023,1.0,1
2459182.4115,12.516,0.025,1.0,1
2459182.41163,12.52,0.023,1.0,1
2459182.41177,12.518,0.028,1.0,1
2459182.41189,12.505,0.025,1.0,1
2459182.41203,12.531,0.026,1.0,1
2459182.41216,12.534,0.022,1.0,1
2459182.4123,12.566,0.023,1.0,1
2459182.41242,12.537,0.024,1.0,1
2459182.41257,12.528,0.024,1.0,1
2459182.41269,12.517,0.033,1.0,1
2459182.41283,12.517,0.031,1.0,1
2459182.41349,12.503,0.022,1.0,1
2459182.41362,12.565,0.023,1.0,1
2459182.41376,12.52,0.022,1.0,1
2459182.41388,12.537,0.023,1.0,1
2459182.41402,12.496,0.022,1.0,1
2459182.41415,12.557,0.022,1.0,1
2459182.41429,12.524,0.027,1.0,1
2459182.41442,12.502,0.034,1.0,1
2459182.41454,12.514,0.03,1.0,1
2459182.41468,12.535,0.03,1.0,1
2459182.41481,12.513,0.026,1.0,1
2459182.41495,12.479,0.039,1.0,1
2459182.41507,12.512,0.027,1.0,1
2459182.4152,12.46,0.023,1.0,1
2459182.41534,12.529,0.025,1.0,1
2459182.41547,12.506,0.023,1.0,1
2459182.41561,12.511,0.023,1.0,1
2459182.41574,12.575,0.028,1.0,1
2459182.41587,12.516,0.022,1.0,1
2459182.416,12.493,0.022,1.0,1
2459182.41614,12.465,0.025,1.0,1
2459182.41627,12.476,0.05,1.0,1
2459182.41641,12.501,0.032,1.0,1
2459182.41653,12.446,0.041,1.0,1
2459182.41667,12.392,0.024,1.0,1
2459182.41694,12.424,0.023,1.0,1
2459182.41707,12.443,0.033,1.0,1
2459182.4172,12.495,0.022,1.0,1
2459182.41733,12.508,0.028,1.0,1
2459182.41746,12.474,0.022,1.0,1
2459182.4176,12.465,0.021,1.0,1
2459182.41772,12.478,0.025,1.0,1
2459182.41787,12.499,0.028,1.0,1
2459182.41799,12.512,0.025,1.0,1
2459182.41813,12.509,0.022,1.0,1
2459182.41826,12.543,0.024,1.0,1
2459182.4184,12.524,0.023,1.0,1
2459182.41852,12.547,0.029,1.0,1
2459182.41865,12.533,0.023,1.0,1
2459182.43793,13.007,0.014,1.0,2
2459182.4382,12.996,0.014,1.0,2
2459182.43847,13.008,0.014,1.0,2
2459182.43873,12.997,0.014,1.0,2
2459182.439,13.008,0.014,1.0,2
2459182.43927,13.047,0.014,1.0,2
2459182.43953,13.026,0.014,1.0,2
2459182.4398,13.077,0.016,1.0,2
2459182.44006,13.069,0.014,1.0,2
2459182.44033,13.066,0.014,1.0,2
2459182.4406,13.086,0.014,1.0,2
2459182.44086,13.104,0.015,1.0,2
2459182.44113,13.142,0.014,1.0,2
2459182.44193,13.157,0.015,1.0,2
2459182.4422,13.129,0.015,1.0,2
2459182.44246,13.158,0.018,1.0,2
2459182.44326,13.166,0.015,1.0,2
2459182.44352,13.22,0.016,1.0,2
2459182.44379,13.243,0.017,1.0,2
2459182.44406,13.214,0.018,1.0,2
2459182.44432,13.216,0.016,1.0,2
2459182.44459,13.28,0.018,1.0,2
2459182.44485,13.276,0.016,1.0,2
2459182.44512,13.302,0.017,1.0,2
2459182.44539,13.266,0.018,1.0,2
2459182.44565,13.288,0.018,1.0,2
2459182.44592,13.321,0.017,1.0,2
2459182.44619,13.326,0.018,1.0,2
2459182.44645,13.345,0.018,1.0,2
2459182.44672,13.376,0.018,1.0,2
2459182.44699,13.393,0.018,1.0,2
2459182.44725,13.376,0.018,1.0,2
2459182.44752,13.405,0.018,1.0,2
2459182.44778,13.403,0.018,1.0,2
2459182.44805,13.405,0.018,1.0,2
2459182.44832,13.47,0.018,1.0,2
2459182.44858,13.465,0.019,1.0,2
2459182.44885,13.513,0.02,1.0,2
2459182.44912,13.515,0.019,1.0,2
2459182.44938,13.538,0.02,1.0,2
2459182.44965,13.531,0.02,1.0,2
2459182.44992,13.53,0.019,1.0,2
2459182.45018,13.543,0.02,1.0,2
2459182.45046,13.541,0.02,1.0,2
2459182.45072,13.6,0.02,1.0,2
2459182.45099,13.591,0.021,1.0,2
2459182.45126,13.598,0.02,1.0,2
2459182.45152,13.638,0.021,1.0,2
2459182.45232,13.659,0.022,1.0,2
2459182.45259,13.653,0.022,1.0,2
2459182.45285,13.647,0.022,1.0,2
2459182.45312,13.675,0.022,1.0,2
2459182.45339,13.651,0.021,1.0,2
2459182.45365,13.716,0.022,1.0,2
2459182.45392,13.698,0.022,1.0,2
2459182.45418,13.75,0.023,1.0,2
2459182.45445,13.73,0.021,1.0,2
2459182.45472,13.755,0.023,1.0,2
2459182.45498,13.744,0.023,1.0,2
2459182.45525,13.735,0.023,1.0,2
2459182.45552,13.765,0.023,1.0,2
2459182.45605,13.805,0.024,1.0,2
2459182.45685,13.745,0.023,1.0,2
2459182.45711,13.773,0.023,1.0,2
2459182.45738,13.738,0.023,1.0,2
2459182.45765,13.758,0.024,1.0,2
2459182.45791,13.777,0.025,1.0,2
2459182.45818,13.719,0.023,1.0,2
2459182.45845,13.721,0.024,1.0,2
2459182.45871,13.748,0.023,1.0,2
2459182.45897,13.778,0.022,1.0,2
2459182.45951,13.776,0.024,1.0,2
2459182.45977,13.754,0.023,1.0,2
2459182.46004,13.779,0.024,1.0,2
2459182.46031,13.719,0.022,1.0,2
2459182.46057,13.706,0.022,1.0,2
2459182.46084,13.712,0.022,1.0,2
2459182.46111,13.783,0.024,1.0,2
2459182.46137,13.752,0.024,1.0,2
2459182.46164,13.704,0.023,1.0,2
2459182.4619,13.7,0.023,1.0,2
2459182.46217,13.71,0.023,1.0,2
2459182.4627,13.697,0.022,1.0,2
2459182.46324,13.692,0.022,1.0,2
2459182.4635,13.72,0.023,1.0,2
2459182.46377,13.707,0.023,1.0,2
2459182.46403,13.635,0.023,1.0,2
2459182.4643,13.677,0.024,1.0,2
2459182.46457,13.722,0.023,1.0,2
2459182.46507,13.678,0.023,1.0,2
2459182.46534,13.647,0.024,1.0,2
2459182.46587,13.659,0.023,1.0,2
2459182.46614,13.602,0.024,1.0,2
2459182.46641,13.613,0.022,1.0,2
2459182.46667,13.642,0.024,1.0,2
2459182.46747,13.644,0.024,1.0,2
2459182.46827,13.643,0.025,1.0,2
2459182.46907,13.663,0.022,1.0,2
2459182.46934,13.64,0.024,1.0,2
2459182.4696,13.642,0.022,1.0,2
2459182.46987,13.63,0.021,1.0,2
2459182.47013,13.62,0.022,1.0,2
2459182.4704,13.639,0.021,1.0,2
2459182.47067,13.624,0.021,1.0,2
2459182.47093,13.64,0.02,1.0,2
2459182.4712,13.615,0.02,1.0,2
2459182.47147,13.601,0.021,1.0,2
2459182.47173,13.65,0.021,1.0,2
2459182.472,13.602,0.02,1.0,2
2459182.47226,13.636,0.02,1.0,2
2459182.47253,13.602,0.02,1.0,2
2459182.4728,13.617,0.02,1.0,2
2459182.47333,13.623,0.02,1.0,2
2459182.47386,13.572,0.019,1.0,2
2459182.47413,13.592,0.021,1.0,2
2459182.47439,13.613,0.019,1.0,2
2459182.47466,13.592,0.02,1.0,2
2459182.47519,13.622,0.019,1.0,2
2459182.47546,13.604,0.021,1.0,2
2459182.47572,13.614,0.022,1.0,2
2459182.47599,13.618,0.02,1.0,2
2459182.47626,13.633,0.021,1.0,2
2459182.47652,13.603,0.019,1.0,2
2459182.47679,13.588,0.02,1.0,2
2459182.47705,13.611,0.021,1.0,2
2459182.47732,13.606,0.019,1.0,2
2459182.47759,13.644,0.021,1.0,2
2459182.47785,13.66,0.021,1.0,2
2459182.47812,13.623,0.02,1.0,2
2459182.47839,13.608,0.019,1.0,2
2459182.47865,13.651,0.02,1.0,2
2459182.4792,13.62,0.02,1.0,2
2459182.47946,13.644,0.02,1.0,2
2459182.47973,13.635,0.021,1.0,2
2459182.48,13.607,0.02,1.0,2
2459182.48026,13.639,0.021,1.0,2
2459182.48053,13.635,0.02,1.0,2
2459182.4808,13.644,0.021,1.0,2
2459182.48106,13.635,0.021,1.0,2
2459182.48132,13.612,0.019,1.0,2
2459182.48159,13.63,0.021,1.0,2
2459182.48186,13.624,0.02,1.0,2
2459182.48212,13.643,0.02,1.0,2
2459182.48266,13.583,0.019,1.0,2
2459182.48292,13.558,0.019,1.0,2
2459182.48319,13.566,0.019,1.0,2
2459182.48345,13.557,0.019,1.0,2
2459182.48372,13.501,0.018,1.0,2
2459182.48399,13.509,0.017,1.0,2
2459182.48425,13.459,0.018,1.0,2
2459182.48452,13.438,0.017,1.0,2
2459182.48479,13.44,0.019,1.0,2
2459182.48505,13.413,0.017,1.0,2
2459182.48532,13.364,0.017,1.0,2
2459182.48559,13.379,0.016,1.0,2
2459182.48585,13.351,0.018,1.0,2
2459182.48612,13.357,0.018,1.0,2
2459182.48638,13.32,0.016,1.0,2
2459182.48665,13.275,0.015,1.0,2
2459182.48745,13.278,0.016,1.0,2
2459182.48772,13.219,0.016,1.0,2
2459182.48798,13.204,0.015,1.0,2
2459182.48825,13.191,0.015,1.0,2
2459182.48851,13.186,0.017,1.0,2
2459182.48878,13.164,0.016,1.0,2
2459182.48905,13.17,0.015,1.0,2
2459182.48931,13.158,0.016,1.0,2
2459182.48985,13.081,0.015,1.0,2
2459182.49011,13.099,0.015,1.0,2
2459182.49038,13.071,0.015,1.0,2
2459182.49195,12.983,0.015,1.0,2
2459182.49222,12.996,0.014,1.0,2
2459182.49248,12.953,0.014,1.0,2
2459182.49275,12.945,0.012,1.0,2
2459182.49302,12.934,0.012,1.0,2
2459182.49328,12.931,0.013,1.0,2
2459182.49355,12.91,0.013,1.0,2
2459182.49382,12.891,0.013,1.0,2
2459182.49408,12.875,0.013,1.0,2
2459182.49435,12.886,0.011,1.0,2
2459182.49461,12.863,0.011,1.0,2
2459182.49488,12.871,0.012,1.0,2
2459182.49515,12.853,0.013,1.0,2
2459182.49541,12.826,0.013,1.0,2
2459182.49568,12.844,0.013,1.0,2
2459182.49595,12.822,0.012,1.0,2
2459182.49647,12.8,0.011,1.0,2
2459182.49674,12.798,0.013,1.0,2
2459182.49702,12.774,0.012,1.0,2
2459182.49836,12.757,0.011,1.0,2
2459182.49916,12.731,0.011,1.0,2
2459182.49944,12.737,0.012,1.0,2
2459182.4997,12.701,0.01,1.0,2
2459182.5005,12.693,0.011,1.0,2
2459182.50077,12.67,0.01,1.0,2
2459182.50104,12.671,0.01,1.0,2
2459182.5013,12.657,0.009,1.0,2
2459182.50157,12.68,0.01,1.0,2
2459182.50184,12.647,0.01,1.0,2
2459182.5021,12.635,0.009,1.0,2
2459182.50237,12.634,0.011,1.0,2
2459182.50263,12.633,0.01,1.0,2
2459182.5029,12.62,0.011,1.0,2
2459182.50317,12.63,0.01,1.0,2
2459182.50343,12.623,0.009,1.0,2
2459182.5037000002,12.612,0.01,1.0,2
2459182.50397,12.591,0.011,1.0,2
2459182.50423,12.618,0.009,1.0,2
2459182.50503,12.592,0.009,1.0,2
2459182.50556,12.58,0.011,1.0,2
2459182.50636,12.546,0.009,1.0,2
2459182.50716,12.548,0.009,1.0,2
2459182.50742,12.548,0.009,1.0,2
2459182.50769,12.539,0.009,1.0,2
2459182.50796,12.541,0.009,1.0,2
2459182.50822,12.529,0.009,1.0,2
2459182.50849,12.532,0.009,1.0,2
2459182.50876,12.532,0.01,1.0,2
2459182.5090199998,12.519,0.012,1.0,2
2459182.50929,12.524,0.009,1.0,2
2459182.50955,12.507,0.008,1.0,2
2459182.50982,12.503,0.009,1.0,2
2459182.51035,12.498,0.012,1.0,2
2459182.51062,12.49,0.011,1.0,2
2459182.51089,12.501,0.009,1.0,2
2459182.51115,12.517,0.009,1.0,2
2459182.51222,12.48,0.009,1.0,2
2459182.51248,12.482,0.01,1.0,2
2459182.51302,12.485,0.008,1.0,2
2459182.51328,12.469,0.01,1.0,2
2459182.51382,12.472,0.01,1.0,2
2459182.5226,12.493,0.011,1.0,2
2459182.52287,12.496,0.009,1.0,2
2459182.52313,12.497,0.009,1.0,2
2459182.5234,12.504,0.008,1.0,2
2459182.52366,12.497,0.009,1.0,2
2459182.52446,12.521,0.009,1.0,2
2459182.52473,12.508,0.01,1.0,2
2459182.525,12.523,0.008,1.0,2
2459182.52526,12.524,0.009,1.0,2
2459182.52553,12.523,0.009,1.0,2
2459182.5258,12.536,0.009,1.0,2
2459182.52606,12.551,0.009,1.0,2
2459182.52632,12.531,0.008,1.0,2
2459182.52659,12.541,0.011,1.0,2
2459182.52686,12.528,0.01,1.0,2
2459182.52712,12.559,0.009,1.0,2
2459182.52792,12.544,0.009,1.0,2
2459182.52819,12.559,0.01,1.0,2
2459182.52845,12.55,0.009,1.0,2
2459182.52979,12.572,0.011,1.0,2
2459182.53005,12.585,0.009,1.0,2
2459182.53032,12.603,0.009,1.0,2
2459182.53059,12.593,0.009,1.0,2
2459182.53085,12.598,0.009,1.0,2
2459182.53165,12.609,0.009,1.0,2
2459182.53192,12.606,0.009,1.0,2
2459182.53218,12.627,0.009,1.0,2
2459182.53245,12.65,0.011,1.0,2
2459182.53298,12.641,0.012,1.0,2
2459182.53325,12.653,0.01,1.0,2
2459182.53431,12.667,0.009,1.0,2
2459182.53458,12.675,0.009,1.0,2
2459182.53485,12.686,0.009,1.0,2
2459182.53538,12.691,0.009,1.0,2
2459182.53591,12.707,0.01,1.0,2
2459182.53617,12.719,0.009,1.0,2
2459182.53644,12.721,0.01,1.0,2
2459182.53671,12.715,0.01,1.0,2
2459182.53697,12.724,0.012,1.0,2
2459182.53724,12.745,0.011,1.0,2
2459182.53751,12.751,0.01,1.0,2
2459182.53777,12.746,0.011,1.0,2
2459182.5383,12.767,0.011,1.0,2
2459182.53857,12.788,0.011,1.0,2
2459182.53884,12.791,0.01,1.0,2
2459182.5391,12.795,0.011,1.0,2
2459182.53937,12.802,0.011,1.0,2
2459182.53964,12.811,0.012,1.0,2
2459182.54205,12.883,0.012,1.0,2
2459182.54257,12.922,0.012,1.0,2
2459182.54311,12.96,0.011,1.0,2
2459182.54337,12.956,0.011,1.0,2
2459182.54364,12.981,0.011,1.0,2
2459182.54391,12.977,0.012,1.0,2
2459182.5447,13.014,0.011,1.0,2
2459182.54497,13.008,0.011,1.0,2
2459182.54524,13.032,0.012,1.0,2
2459182.5455,13.051,0.011,1.0,2
2459182.54577,13.044,0.011,1.0,2
2459182.54657,13.074,0.011,1.0,2
2459182.54817,13.168,0.013,1.0,2
2459182.54843,13.151,0.013,1.0,2
2459182.5487,13.156,0.013,1.0,2
2459182.54923,13.171,0.013,1.0,2
2459182.5495,13.203,0.013,1.0,2
2459182.55056,13.216,0.013,1.0,2
2459182.55083,13.227,0.013,1.0,2
2459182.5511,13.242,0.013,1.0,2
2459182.55136,13.253,0.013,1.0,2
2459182.55163,13.244,0.013,1.0,2
2459182.55189,13.253,0.013,1.0,2
2459182.55269,13.279,0.014,1.0,2
2459182.55296,13.291,0.014,1.0,2
2459182.55402,13.273,0.014,1.0,2
2459182.55429,13.297,0.014,1.0,2
2459182.55455,13.294,0.014,1.0,2
2459182.55509,13.291,0.014,1.0,2
2459182.55535,13.281,0.014,1.0,2
2459182.5556199998,13.309,0.014,1.0,2
2459182.55589,13.311,0.014,1.0,2
2459182.55615,13.278,0.014,1.0,2
2459182.55642,13.305,0.014,1.0,2
2459182.55669,13.301,0.014,1.0,2
2459182.55695,13.277,0.014,1.0,2
2459182.55722,13.289,0.014,1.0,2
2459182.55748,13.311,0.015,1.0,2
2459182.55775,13.304,0.015,1.0,2
2459182.55802,13.294,0.014,1.0,2
2459182.55828,13.311,0.015,1.0,2
2459182.55908,13.303,0.015,1.0,2
2459182.55935,13.308,0.015,1.0,2
2459182.56041,13.282,0.015,1.0,2
2459182.56068,13.279,0.015,1.0,2
2459183.432,13.248,0.012,1.0,3
2459183.43226,13.277,0.013,1.0,3
2459183.43253,13.279,0.012,1.0,3
2459183.4328,13.285,0.013,1.0,3
2459183.43306,13.272,0.011,1.0,3
2459183.43333,13.253,0.011,1.0,3
2459183.43386,13.227,0.012,1.0,3
2459183.43413,13.209,0.011,1.0,3
2459183.43439,13.202,0.011,1.0,3
2459183.43466,13.174,0.011,1.0,3
2459183.43573,13.105,0.01,1.0,3
2459183.43626,13.105,0.011,1.0,3
2459183.43706,13.053,0.011,1.0,3
2459183.43732,13.042,0.011,1.0,3
2459183.43759,13.021,0.011,1.0,3
2459183.43786,13.031,0.01,1.0,3
2459183.43812,13.009,0.01,1.0,3
2459183.43839,12.971,0.011,1.0,3
2459183.43866,12.977,0.01,1.0,3
2459183.43892,12.952,0.01,1.0,3
2459183.43972,12.934,0.01,1.0,3
2459183.44025,12.918,0.009,1.0,3
2459183.44104,12.904,0.01,1.0,3
2459183.44131,12.885,0.009,1.0,3
2459183.44157,12.883,0.009,1.0,3
2459183.44184,12.874,0.009,1.0,3
2459183.44237,12.83,0.008,1.0,3
2459183.44263,12.856,0.008,1.0,3
2459183.4429,12.837,0.009,1.0,3
2459183.44317,12.822,0.011,1.0,3
2459183.44343,12.817,0.008,1.0,3
2459183.4437,12.832,0.009,1.0,3
2459183.44397,12.8,0.009,1.0,3
2459183.44423,12.787,0.008,1.0,3
2459183.4445,12.808,0.008,1.0,3
2459183.44476,12.765,0.009,1.0,3
2459183.44558,12.758,0.009,1.0,3
2459183.44584,12.777,0.008,1.0,3
2459183.44611,12.76,0.009,1.0,3
2459183.44637,12.737,0.008,1.0,3
2459183.44691,12.722,0.008,1.0,3
2459183.44717,12.737,0.007,1.0,3
2459183.44744,12.747,0.008,1.0,3
2459183.44771,12.724,0.008,1.0,3
2459183.44797,12.716,0.009,1.0,3
2459183.44824,12.717,0.009,1.0,3
2459183.4485,12.708,0.008,1.0,3
2459183.44961,12.671,0.007,1.0,3
2459183.44988,12.654,0.009,1.0,3
2459183.45041,12.663,0.007,1.0,3
2459183.45068,12.66,0.007,1.0,3
2459183.45093,12.659,0.007,1.0,3
2459183.4512,12.65,0.011,1.0,3
2459183.452,12.639,0.008,1.0,3
2459183.45253,12.65,0.008,1.0,3
2459183.45306,12.636,0.007,1.0,3
2459183.45334,12.626,0.008,1.0,3
2459183.45361,12.625,0.007,1.0,3
2459183.45387,12.62,0.008,1.0,3
2459183.45414,12.611,0.007,1.0,3
2459183.45441,12.611,0.008,1.0,3
2459183.45467,12.605,0.007,1.0,3
2459183.45494,12.592,0.007,1.0,3
2459183.45521,12.59,0.007,1.0,3
2459183.45547,12.587,0.007,1.0,3
2459183.45574,12.583,0.009,1.0,3
2459183.456,12.585,0.008,1.0,3
2459183.45627,12.589,0.006,1.0,3
2459183.45653,12.586,0.007,1.0,3
2459183.4568,12.576,0.006,1.0,3
2459183.45707,12.57,0.007,1.0,3
2459183.45733,12.57,0.008,1.0,3
2459183.4576,12.563,0.007,1.0,3
2459183.4584,12.571,0.008,1.0,3
2459183.45866,12.562,0.008,1.0,3
2459183.4592,12.555,0.007,1.0,3
2459183.4597300002,12.556,0.009,1.0,3
2459183.46,12.557,0.011,1.0,3
2459183.46026,12.565,0.007,1.0,3
2459183.46053,12.554,0.008,1.0,3
2459183.46079,12.545,0.01,1.0,3
2459183.46106,12.544,0.007,1.0,3
2459183.46185,12.556,0.007,1.0,3
2459183.46211,12.545,0.007,1.0,3
2459183.46238,12.541,0.007,1.0,3
2459183.46265,12.536,0.009,1.0,3
2459183.4629100002,12.53,0.007,1.0,3
2459183.46318,12.532,0.007,1.0,3
2459183.46344,12.536,0.008,1.0,3
2459183.46371,12.534,0.007,1.0,3
2459183.46451,12.532,0.007,1.0,3
2459183.46478,12.533,0.007,1.0,3
2459183.46531,12.529,0.009,1.0,3
2459183.46611,12.535,0.008,1.0,3
2459183.46691,12.534,0.009,1.0,3
2459183.46717,12.53,0.01,1.0,3
2459183.46744,12.524,0.008,1.0,3
2459183.46797,12.525,0.008,1.0,3
2459183.4682299998,12.527,0.009,1.0,3
2459183.4685,12.521,0.009,1.0,3
2459183.46933,12.523,0.009,1.0,3
2459183.46986,12.544,0.008,1.0,3
2459183.47039,12.535,0.007,1.0,3
2459183.47066,12.543,0.008,1.0,3
2459183.47092,12.531,0.009,1.0,3
2459183.47119,12.538,0.009,1.0,3
2459183.47146,12.536,0.006,1.0,3
2459183.47225,12.531,0.008,1.0,3
2459183.47252,12.539,0.008,1.0,3
2459183.47278,12.544,0.007,1.0,3
2459183.47305,12.545,0.008,1.0,3
2459183.47332,12.539,0.007,1.0,3
2459183.47438,12.551,0.007,1.0,3
2459183.47465,12.55,0.009,1.0,3
2459183.47491,12.547,0.007,1.0,3
2459183.47518,12.55,0.006,1.0,3
2459183.47571,12.568,0.007,1.0,3
2459183.47598,12.568,0.007,1.0,3
2459183.47625,12.553,0.008,1.0,3
2459183.47651,12.565,0.007,1.0,3
2459183.47678,12.56,0.007,1.0,3
2459183.47704,12.56,0.007,1.0,3
2459183.47731,12.559,0.009,1.0,3
2459183.47758,12.569,0.007,1.0,3
2459183.47784,12.549,0.007,1.0,3
2459183.47838,12.569,0.007,1.0,3
2459183.47864,12.571,0.009,1.0,3
2459183.47891,12.568,0.008,1.0,3
2459183.47917,12.586,0.008,1.0,3
2459183.47944,12.578,0.007,1.0,3
2459183.47971,12.587,0.009,1.0,3
2459183.47997,12.583,0.007,1.0,3
2459183.48024,12.591,0.009,1.0,3
2459183.48051,12.584,0.007,1.0,3
2459183.48077,12.601,0.008,1.0,3
2459183.48131,12.591,0.008,1.0,3
2459183.4821,12.607,0.008,1.0,3
2459183.4829,12.623,0.007,1.0,3
2459183.48317,12.609,0.007,1.0,3
2459183.48343,12.629,0.008,1.0,3
2459183.4837,12.618,0.008,1.0,3
2459183.48396,12.623,0.007,1.0,3
2459183.48423,12.64,0.008,1.0,3
2459183.4845,12.635,0.009,1.0,3
2459183.48476,12.619,0.008,1.0,3
2459183.4853,12.65,0.008,1.0,3
2459183.48583,12.653,0.009,1.0,3
2459183.48636,12.647,0.009,1.0,3
2459183.48663,12.654,0.009,1.0,3
2459183.48689,12.676,0.008,1.0,3
2459183.48716,12.663,0.008,1.0,3
2459183.48743,12.668,0.007,1.0,3
2459183.48876,12.693,0.009,1.0,3
2459183.49682,12.884,0.009,1.0,3
2459183.49709,12.879,0.009,1.0,3
2459183.49736,12.881,0.011,1.0,3
2459183.49762,12.877,0.01,1.0,3
2459183.49816,12.914,0.009,1.0,3
2459183.49842,12.894,0.009,1.0,3
2459183.49869,12.901,0.01,1.0,3
2459183.49922,12.919,0.011,1.0,3
2459183.4994799998,12.932,0.009,1.0,3
2459183.49975,12.941,0.009,1.0,3
2459183.50054,12.959,0.009,1.0,3
2459183.50081,12.985,0.01,1.0,3
2459183.50107,12.99,0.012,1.0,3
2459183.50161,12.983,0.009,1.0,3
2459183.50267,13.05,0.01,1.0,3
2459183.50426,13.118,0.011,1.0,3
2459183.5048,13.12,0.01,1.0,3
2459183.50506,13.117,0.011,1.0,3
2459183.50533,13.152,0.01,1.0,3
2459183.5056,13.153,0.011,1.0,3
2459183.50586,13.155,0.011,1.0,3
2459183.50613,13.165,0.011,1.0,3
2459183.5064,13.214,0.011,1.0,3
2459183.50666,13.186,0.011,1.0,3
2459183.50719,13.221,0.013,1.0,3
2459183.51002,13.377,0.013,1.0,3
2459183.51028,13.371,0.013,1.0,3
2459183.51135,13.409,0.013,1.0,3
2459183.51161,13.423,0.013,1.0,3
2459183.51188,13.439,0.014,1.0,3
2459183.51215,13.44,0.014,1.0,3
2459183.51241,13.437,0.013,1.0,3
2459183.51268,13.487,0.015,1.0,3
2459183.51295,13.494,0.013,1.0,3
2459183.51348,13.514,0.016,1.0,3
2459183.54339,12.872,0.009,1.0,3
2459183.54365,12.861,0.009,1.0,3
2459183.54392,12.857,0.009,1.0,3
2459183.54418,12.855,0.008,1.0,3
2459183.54445,12.836,0.008,1.0,3
2459183.54471,12.841,0.008,1.0,3
2459183.54498,12.829,0.009,1.0,3
2459183.54605,12.793,0.008,1.0,3
2459183.54631,12.778,0.009,1.0,3
2459183.54658,12.778,0.008,1.0,3
2459183.54684,12.766,0.009,1.0,3
2459183.54844,12.749,0.009,1.0,3
2459183.54871,12.732,0.008,1.0,3
2459183.54897,12.726,0.008,1.0,3
2459183.54924,12.718,0.008,1.0,3
2459183.54951,12.699,0.008,1.0,3
2459183.55004,12.704,0.008,1.0,3
2459183.55031,12.699,0.008,1.0,3
2459183.55084,12.696,0.008,1.0,3
2459183.55111,12.668,0.009,1.0,3
2459183.55137,12.658,0.008,1.0,3
2459183.55164,12.688,0.008,1.0,3
2459183.5519,12.666,0.009,1.0,3
2459183.5524399998,12.653,0.009,1.0,3
2459183.5527,12.65,0.007,1.0,3
2459183.55403,12.642,0.009,1.0,3
2459183.55456,12.611,0.007,1.0,3
2459183.55509,12.612,0.008,1.0,3
2459183.55641,12.585,0.007,1.0,3
2459183.55668,12.59,0.007,1.0,3
2459183.55695,12.582,0.008,1.0,3
2459183.55828,12.575,0.007,1.0,3
2459183.55855,12.563,0.008,1.0,3
2459183.55881,12.568,0.008,1.0,3
2459183.55908,12.544,0.008,1.0,3
2459183.56014,12.539,0.007,1.0,3
2459183.56041,12.543,0.007,1.0,3
2459183.56307,12.516,0.007,1.0,3
2459183.58381,12.534,0.009,1.0,3
2459183.58461,12.537,0.008,1.0,3
2459183.58488,12.529,0.007,1.0,3
2459183.58514,12.533,0.009,1.0,3
2459183.58568,12.555,0.009,1.0,3
2459183.58647,12.559,0.007,1.0,3
2459183.58674,12.575,0.007,1.0,3
2459183.58727,12.559,0.008,1.0,3
2459183.58754,12.544,0.007,1.0,3
2459183.58834,12.575,0.007,1.0,3
2459183.58914,12.593,0.009,1.0,3
2459183.5894,12.591,0.008,1.0,3
2459183.58994,12.613,0.008,1.0,3
2459183.5902,12.601,0.007,1.0,3
2459183.59046,12.604,0.009,1.0,3
2459183.59072,12.619,0.008,1.0,3
2459183.59099,12.616,0.009,1.0,3
2459183.59152,12.633,0.009,1.0,3
2459183.59205,12.64,0.009,1.0,3
2459183.59232,12.639,0.009,1.0,3
2459183.59338,12.652,0.01,1.0,3
2459183.59365,12.681,0.009,1.0,3
2459183.59445,12.668,0.009,1.0,3
2459183.59525,12.7,0.01,1.0,3
2459183.59551,12.702,0.01,1.0,3
2459183.59604,12.701,0.009,1.0,3
2459183.59631,12.713,0.009,1.0,3
2459183.59684,12.723,0.009,1.0,3
2459183.59711,12.742,0.009,1.0,3
2459183.59764,12.739,0.009,1.0,3
2459183.59791,12.748,0.009,1.0,3
2459183.59844,12.744,0.009,1.0,3
2459183.59871,12.784,0.009,1.0,3
2459183.59897,12.77,0.009,1.0,3
2459183.59924,12.783,0.01,1.0,3
2459183.59951,12.788,0.01,1.0,3
2459183.59977,12.785,0.009,1.0,3
2459183.60137,12.834,0.01,1.0,3
2459183.60164,12.837,0.009,1.0,3
2459183.60322,12.881,0.01,1.0,3
2459183.60349,12.904,0.01,1.0,3
2459183.60775,13.028,0.012,1.0,3
2459183.60801,13.021,0.012,1.0,3
2459183.60854,13.065,0.014,1.0,3
2459183.60908,13.047,0.013,1.0,3
2459183.60961,13.078,0.014,1.0,3
2459183.60988,13.084,0.013,1.0,3
2459183.61041,13.091,0.015,1.0,3
2459183.61121,13.109,0.017,1.0,3
2459186.27045,10.833,0.021,1.0,4
2459186.27236,10.738,0.015,1.0,4
2459186.27427,10.688,0.015,1.0,4
2459186.27617,10.684,0.018,1.0,4
2459186.27807,10.613,0.016,1.0,4
2459186.27998,10.595,0.016,1.0,4
2459186.28189,10.615,0.014,1.0,4
2459186.2838,10.572,0.013,1.0,4
2459186.28571,10.548,0.013,1.0,4
2459186.28762,10.538,0.011,1.0,4
2459186.28952,10.498,0.012,1.0,4
2459186.29143,10.516,0.014,1.0,4
2459186.29334,10.495,0.011,1.0,4
2459186.29525,10.498,0.016,1.0,4
2459186.29716,10.476,0.011,1.0,4
2459186.29907,10.476,0.01,1.0,4
2459186.30287,10.438,0.01,1.0,4
2459186.30478,10.454,0.012,1.0,4
2459186.30669,10.428,0.011,1.0,4
2459186.31432,10.429,0.007,1.0,4
2459186.31623,10.431,0.007,1.0,4
2459186.31814,10.506,0.008,1.0,4
2459186.32005,10.499,0.008,1.0,4
2459186.32196,10.471,0.008,1.0,4
2459186.32578,10.541,0.008,1.0,4
2459186.32769,10.558,0.008,1.0,4
2459186.3296,10.554,0.009,1.0,4
2459186.33151,10.571,0.009,1.0,4
2459186.3334,10.586,0.009,1.0,4
2459186.33531,10.654,0.01,1.0,4
2459186.33722,10.692,0.01,1.0,4
2459186.33913,10.686,0.01,1.0,4
2459186.34104,10.718,0.01,1.0,4
2459186.34295,10.792,0.011,1.0,4
2459186.34486,10.811,0.011,1.0,4
2459186.34677,10.815,0.011,1.0,4
2459186.3544,11.197,0.017,1.0,4
2459186.35631,11.201,0.018,1.0,4
2459186.35822,11.179,0.018,1.0,4
2459186.36013,11.208,0.019,1.0,4
2459186.36204,11.194,0.018,1.0,4
2459186.36393,11.219,0.017,1.0,4
2459186.36584,11.132,0.015,1.0,4
2459186.36775,11.088,0.015,1.0,4
2459186.36966,11.017,0.014,1.0,4
2459186.37157,10.957,0.012,1.0,4
2459186.37347,10.905,0.013,1.0,4
2459186.37538,10.858,0.014,1.0,4
2459186.37729,10.842,0.015,1.0,4
2459186.3792,10.767,0.015,1.0,4
2459186.38111,10.692,0.013,1.0,4
2459186.38302,10.694,0.015,1.0,4
2459186.38492,10.647,0.016,1.0,4
2459186.38683,10.616,0.016,1.0,4
2459186.38874,10.575,0.017,1.0,4
2459186.39065,10.579,0.012,1.0,4
2459186.39255,10.554,0.011,1.0,4
2459186.39446,10.513,0.013,1.0,4
2459186.40018,10.485,0.009,1.0,4
2459186.40209,10.507,0.013,1.0,4
2459186.404,10.458,0.009,1.0,4
2459186.40591,10.478,0.009,1.0,4
2459186.40782,10.453,0.01,1.0,4
2459186.40973,10.491,0.015,1.0,4
2459186.41163,10.472,0.014,1.0,4
2459186.41545,10.538,0.013,1.0,4
2459186.41736,10.547,0.015,1.0,4
2459186.41927,10.553,0.018,1.0,4
2459186.42118,10.541,0.014,1.0,4
2459186.42689,10.539,0.015,1.0,4
2459186.4288,10.552,0.012,1.0,4
2459186.43071,10.597,0.011,1.0,4
2459186.43262,10.601,0.012,1.0,4
2459186.43453,10.62,0.016,1.0,4
2459186.43644,10.604,0.017,1.0,4
2459186.44216,10.849,0.012,1.0,4
2459186.44789,10.973,0.013,1.0,4
2459186.4498,10.992,0.018,1.0,4
2459186.45362,11.195,0.032,1.0,4
2459186.4555099998,11.242,0.027,1.0,4
2459186.45742,11.3,0.027,1.0,4
2459186.46124,11.34,0.06,1.0,4
2459186.46506,11.36,0.029,1.0,4
2459186.47269,11.037,0.028,1.0,4
2459186.47842,10.889,0.018,1.0,4
2459186.48222,10.813,0.018,1.0,4
2459186.49367,10.557,0.017,1.0,4
2459186.49558,10.556,0.02,1.0,4
2459186.4994,10.51,0.018,1.0,4
2459186.40226,10.486,0.01,1.0,5
2459186.40401,10.48,0.011,1.0,5
2459186.40592,10.497,0.01,1.0,5
2459186.40661,10.51,0.011,1.0,5
2459186.40717,10.477,0.012,1.0,5
2459186.40774,10.513,0.009,1.0,5
2459186.40829,10.501,0.011,1.0,5
2459186.40997,10.501,0.013,1.0,5
2459186.41042,10.497,0.016,1.0,5
2459186.41131,10.511,0.013,1.0,5
2459186.41175,10.503,0.017,1.0,5
2459186.41309,10.506,0.014,1.0,5
2459186.41442,10.518,0.015,1.0,5
2459186.41487,10.522,0.013,1.0,5
2459186.41531,10.532,0.014,1.0,5
2459186.4157600002,10.524,0.013,1.0,5
2459186.41622,10.548,0.015,1.0,5
2459186.41622,10.548,0.014,1.0,5
2459186.41666,10.52,0.013,1.0,5
2459186.41711,10.515,0.013,1.0,5
2459186.41755,10.519,0.015,1.0,5
2459186.418,10.539,0.013,1.0,5
2459186.41844,10.563,0.014,1.0,5
2459186.41889,10.535,0.013,1.0,5
2459186.41934,10.53,0.015,1.0,5
2459186.41978,10.562,0.014,1.0,5
2459186.42023,10.543,0.016,1.0,5
2459186.42067,10.548,0.014,1.0,5
2459186.42112,10.563,0.015,1.0,5
2459186.42156,10.557,0.014,1.0,5
2459186.42201,10.58,0.018,1.0,5
2459186.42246,10.575,0.015,1.0,5
2459186.42289,10.571,0.013,1.0,5
2459186.42334,10.569,0.015,1.0,5
2459186.42379,10.601,0.015,1.0,5
2459186.42424,10.554,0.014,1.0,5
2459186.42469,10.605,0.018,1.0,5
2459186.42513,10.579,0.015,1.0,5
2459186.42557,10.567,0.014,1.0,5
2459186.42602,10.574,0.014,1.0,5
2459186.42646,10.599,0.015,1.0,5
2459186.42691,10.62,0.015,1.0,5
2459186.42735,10.606,0.015,1.0,5
2459186.4278,10.615,0.015,1.0,5
2459186.42825,10.645,0.016,1.0,5
2459186.42869,10.654,0.016,1.0,5
2459186.42913,10.649,0.016,1.0,5
2459186.42959,10.652,0.016,1.0,5
2459186.43004,10.624,0.016,1.0,5
2459186.43047,10.656,0.015,1.0,5
2459186.43093,10.639,0.018,1.0,5
2459186.43136,10.639,0.015,1.0,5
2459186.43182,10.675,0.016,1.0,5
2459186.43226,10.674,0.017,1.0,5
2459186.43315,10.683,0.017,1.0,5
2459186.4336,10.682,0.016,1.0,5
2459186.43538,10.693,0.015,1.0,5
2459186.43582,10.753,0.017,1.0,5
2459186.43672,10.728,0.021,1.0,5
2459186.43761,10.725,0.018,1.0,5
2459186.43806,10.721,0.017,1.0,5
2459186.43849,10.757,0.018,1.0,5
2459186.43895,10.766,0.017,1.0,5
2459186.43939,10.733,0.017,1.0,5
2459186.44028,10.83,0.019,1.0,5
2459186.44073,10.785,0.022,1.0,5
2459186.44117,10.797,0.018,1.0,5
2459186.44162,10.838,0.019,1.0,5
2459186.44206,10.833,0.019,1.0,5
2459186.44251,10.801,0.017,1.0,5
2459186.44295,10.846,0.019,1.0,5
2459186.4434,10.835,0.018,1.0,5
2459186.44384,10.845,0.019,1.0,5
2459186.44429,10.849,0.019,1.0,5
2459187.307308,14.3477,0.1069,1.0,6
2459187.3086601,14.3352,0.1026,1.0,6
2459187.3100131,14.1636,0.1057,1.0,6
2459187.3113666,14.1988,0.1081,1.0,6
2459187.3127223,14.1174,0.1068,1.0,6
2459187.3140783,14.137,0.1071,1.0,6
2459187.3154272,14.0131,0.1044,1.0,6
2459187.3167795,13.9237,0.1004,1.0,6
2459187.318135,13.9089,0.0943,1.0,6
2459187.3194907,13.8501,0.1011,1.0,6
2459187.3208462,13.8072,0.1033,1.0,6
2459187.3222041,13.8273,0.098,1.0,6
2459187.3235594,13.8489,0.0951,1.0,6
2459187.3249141,13.7831,0.1,1.0,6
2459187.3262696,13.7926,0.0994,1.0,6
2459187.327626,13.7162,0.0963,1.0,6
2459187.3289797,13.6614,0.0982,1.0,6
2459187.330336,13.6817,0.0944,1.0,6
2459187.3316883,13.7429,0.0973,1.0,6
2459187.3330471,13.6539,0.1002,1.0,6
2459187.3343972,13.6341,0.0973,1.0,6
2459187.3357482,13.6628,0.0962,1.0,6
2459187.3371008,13.6644,0.099,1.0,6
2459187.3384542,13.56,0.1028,1.0,6
2459187.3398109,13.5461,0.1026,1.0,6
2459187.3411589,13.5682,0.0987,1.0,6
2459187.3425112,13.5064,0.1024,1.0,6
2459187.3438664,13.6108,0.0959,1.0,6
2459187.3452169,13.5919,0.104,1.0,6
2459187.3465685,13.5545,0.0995,1.0,6
2459187.3479203,13.5945,0.0981,1.0,6
2459187.3492717,13.5911,0.0979,1.0,6
2459187.3506295,13.4616,0.1002,1.0,6
2459187.3519731,13.5932,0.1061,1.0,6
2459187.3533224,13.487,0.0953,1.0,6
2459187.3546744,13.5837,0.091,1.0,6
2459187.3560283,13.6107,0.0919,1.0,6
2459187.3573794,13.5842,0.0869,1.0,6
2459187.3587312,13.5642,0.0868,1.0,6
2459187.3600879,13.6145,0.0863,1.0,6
2459187.3614444,13.5844,0.0871,1.0,6
2459187.3641551,13.5754,0.0856,1.0,6
2459187.365511,13.6211,0.0974,1.0,6
2459187.3668676,13.6614,0.0894,1.0,6
2459187.3682234,13.6813,0.0875,1.0,6
2459187.369579,13.6648,0.0842,1.0,6
2459187.3709343,13.6599,0.086,1.0,6
2459187.3722883,13.6649,0.0851,1.0,6
2459187.3736426,13.7611,0.0839,1.0,6
2459187.3749972,13.7086,0.0858,1.0,6
2459187.3763515,13.7552,0.0823,1.0,6
2459187.3777054,13.7043,0.0774,1.0,6
2459187.3790584,13.7511,0.0745,1.0,6
2459187.3804017,13.8034,0.0774,1.0,6
2459187.3817518,13.9117,0.0763,1.0,6
2459187.3831039,13.8003,0.0751,1.0,6
2459187.3844567,13.8042,0.0771,1.0,6
2459187.3858104,13.8778,0.0775,1.0,6
2459187.3871631,13.9246,0.0807,1.0,6
2459187.3885035,13.9838,0.0781,1.0,6
2459187.3912121,14.0462,0.0752,1.0,6
2459187.3925665,14.0961,0.0785,1.0,6
2459187.3939181,14.0931,0.0805,1.0,6
2459187.3952713,14.1386,0.0765,1.0,6
2459187.3979743,14.3019,0.0798,1.0,6
2459187.3993306,14.2212,0.0815,1.0,6
2459187.4020321,14.2163,0.0738,1.0,6
2459187.4047392,14.2514,0.0733,1.0,6
2459187.4074471,14.1692,0.0744,1.0,6
2459187.4088016,14.2657,0.0743,1.0,6
2459187.4101544,14.1295,0.0757,1.0,6
2459187.4115077,14.1426,0.0739,1.0,6
2459187.4155697,14.1369,0.0749,1.0,6
2459187.4217163,13.9827,0.065,1.0,6
2459187.4230707,13.8848,0.067,1.0,6
2459187.4244198,13.8673,0.0635,1.0,6
2459187.4257694,13.7286,0.0619,1.0,6
2459187.4271195,13.8041,0.0604,1.0,6
2459187.4284691,13.7491,0.0641,1.0,6
2459187.4298212,13.7733,0.0603,1.0,6
2459187.4311737,13.7511,0.0643,1.0,6
2459187.43297,10.666,0.02,1.0,7
2459187.43488,10.623,0.021,1.0,7
2459187.43679,10.617,0.019,1.0,7
2459187.4386,10.598,0.017,1.0,7
2459187.43979,10.619,0.019,1.0,7
2459187.44099,10.553,0.018,1.0,7
2459187.44219,10.534,0.019,1.0,7
2459187.44657,10.458,0.021,1.0,7
2459187.44878,10.516,0.023,1.0,7
2459187.45231,10.525,0.013,1.0,7
2459187.45493,10.45,0.012,1.0,7
2459187.45611,10.524,0.012,1.0,7
2459187.45729,10.549,0.014,1.0,7
2459187.45846,10.542,0.015,1.0,7
2459187.45964,10.566,0.013,1.0,7
2459187.46082,10.526,0.013,1.0,7
2459187.462,10.546,0.012,1.0,7
2459187.46317,10.517,0.013,1.0,7
2459187.46698,10.554,0.013,1.0,7
2459187.46816,10.555,0.013,1.0,7
2459187.46933,10.619,0.012,1.0,7
2459187.47051,10.575,0.013,1.0,7
2459187.47169,10.616,0.013,1.0,7
2459187.47286,10.599,0.013,1.0,7
2459187.47404,10.631,0.013,1.0,7
2459187.47521,10.651,0.014,1.0,7
2459187.4764,10.653,0.017,1.0,7
2459187.47758,10.616,0.015,1.0,7
2459187.47876,10.654,0.015,1.0,7
2459187.47994,10.653,0.015,1.0,7
2459187.48111,10.669,0.016,1.0,7
2459187.48347,10.667,0.016,1.0,7
2459187.48465,10.693,0.018,1.0,7
2459187.48583,10.751,0.02,1.0,7
2459187.48701,10.75,0.019,1.0,7
2459187.49014,10.796,0.018,1.0,7
2459187.49133,10.771,0.018,1.0,7
2459187.49251,10.812,0.021,1.0,7
2459187.49369,10.851,0.018,1.0,7
2459187.49605,10.937,0.019,1.0,7
2459187.49721,11.008,0.019,1.0,7
2459187.49841,11.016,0.022,1.0,7
2459187.50077,11.038,0.02,1.0,7
2459187.50195,11.113,0.022,1.0,7
2459187.50313,11.191,0.022,1.0,7
2459187.5043,11.241,0.022,1.0,7
2459187.50666,11.348,0.028,1.0,7
2459187.50784,11.305,0.029,1.0,7
2459187.5090199998,11.404,0.027,1.0,7
2459187.51019,11.396,0.034,1.0,7
2459187.51137,11.403,0.03,1.0,7
2459187.51499,11.304,0.03,1.0,7
2459187.51617,11.167,0.024,1.0,7
2459187.51735,11.137,0.024,1.0,7
2459187.51854,11.066,0.021,1.0,7
2459187.51971,11.029,0.022,1.0,7
2459187.52089,10.986,0.021,1.0,7
2459187.52208,10.92,0.018,1.0,7
2459187.52326,10.879,0.02,1.0,7
2459187.52444,10.827,0.018,1.0,7
2459187.52562,10.784,0.018,1.0,7
2459187.5268,10.754,0.017,1.0,7
2459187.52798,10.745,0.018,1.0,7
2459187.52915,10.724,0.017,1.0,7
2459187.53033,10.694,0.016,1.0,7
2459187.53151,10.681,0.016,1.0,7
2459187.53269,10.621,0.016,1.0,7
2459187.53386,10.592,0.016,1.0,7
2459187.53504,10.545,0.017,1.0,7
2459187.5374,10.553,0.019,1.0,7
2459187.53857,10.532,0.016,1.0,7
2459187.54093,10.485,0.02,1.0,7
2459187.54211,10.426,0.015,1.0,7
2459187.54329,10.407,0.018,1.0,7
2459187.54447,10.366,0.017,1.0,7
2459187.54565,10.396,0.016,1.0,7
2459187.54801,10.367,0.015,1.0,7
2459187.54919,10.37,0.016,1.0,7
2459187.55037,10.385,0.016,1.0,7
2459187.55155,10.375,0.015,1.0,7
2459187.55273,10.411,0.015,1.0,7
2459187.5539,10.37,0.015,1.0,7
2459187.55508,10.385,0.015,1.0,7
2459187.55626,10.368,0.016,1.0,7
2459187.55743,10.386,0.015,1.0,7
2459187.55979,10.375,0.015,1.0,7
2459187.56414,10.353,0.015,1.0,7
2459187.56641,10.376,0.016,1.0,7
2459187.56867,10.369,0.016,1.0,7
2459187.5769,10.405,0.02,1.0,7
2459187.57808,10.399,0.018,1.0,7
2459187.58043,10.461,0.022,1.0,7
2459187.58161,10.489,0.02,1.0,7
2459187.58279,10.499,0.021,1.0,7
2459187.58397,10.579,0.021,1.0,7
2459187.58515,10.55,0.018,1.0,7
2459187.58633,10.583,0.022,1.0,7
2459187.58751,10.532,0.022,1.0,7
2459187.58869,10.594,0.025,1.0,7
2459187.58987,10.637,0.026,1.0,7
2459187.59105,10.666,0.028,1.0,7
2459187.59222,10.658,0.028,1.0,7
2459187.5934,10.619,0.027,1.0,7
2459187.463002,13.7383,0.03,1.0,8
2459187.4643532,13.7451,0.0302,1.0,8
2459187.4657061,13.7049,0.0294,1.0,8
2459187.4684126,13.6533,0.0284,1.0,8
2459187.469766,13.6927,0.0291,1.0,8
2459187.4711201,13.6719,0.0287,1.0,8
2459187.4724723,13.681,0.0289,1.0,8
2459187.4738256,13.7139,0.0295,1.0,8
2459187.4786689,13.7872,0.031,1.0,8
2459187.4800172,13.8195,0.0316,1.0,8
2459187.4813675,13.8806,0.0329,1.0,8
2459187.4827182,13.8551,0.0324,1.0,8
2459187.484072,13.9022,0.0334,1.0,8
2459187.4854249,13.9451,0.0344,1.0,8
2459187.4867784,13.9245,0.034,1.0,8
2459187.4881317,14.0816,0.0378,1.0,8
2459187.489486,14.0548,0.0371,1.0,8
2459187.4908398,14.2115,0.0414,1.0,8
2459187.5014425,14.6681,0.0576,1.0,8
2459187.5027916,14.5337,0.0521,1.0,8
2459187.5068444,14.6399,0.0564,1.0,8
2459187.5212352,14.6835,0.0581,1.0,8
2459187.5293483,14.4103,0.0477,1.0,8
2459187.5307045,14.3618,0.046,1.0,8
2459187.5334145,14.3102,0.0443,1.0,8
2459187.5439375,13.9808,0.0354,1.0,8
2459187.5452874,14.0001,0.0359,1.0,8
2459187.5466375,14.0363,0.0368,1.0,8
2459187.5479877,13.8339,0.0321,1.0,8
2459187.5493381,13.8758,0.0329,1.0,8
2459187.5506942,13.8795,0.033,1.0,8
2459187.5520496,13.8984,0.0334,1.0,8
2459187.5534049,13.8248,0.0318,1.0,8
2459187.5547588,13.9435,0.0344,1.0,8
2459187.5561133,13.9443,0.0345,1.0,8
2459187.5574682,13.8479,0.0323,1.0,8
2459187.5591667,13.7936,0.0312,1.0,8
2459187.5645574,13.8207,0.0319,1.0,8
2459187.5662559,13.7773,0.031,1.0,8
2459187.5679544,13.8391,0.0323,1.0,8
2459187.5696556,13.8203,0.0319,1.0,8
2459187.5713539,13.8425,0.0323,1.0,8
2459187.5730508,13.9137,0.0339,1.0,8
2459187.5747521,13.9356,0.0345,1.0,8
2459187.5764494,13.8751,0.0332,1.0,8
2459187.5872662,13.9929,0.0362,1.0,8
2459187.588965,13.9635,0.0354,1.0,8
2459187.5906633,14.052,0.0376,1.0,8
2459187.5923632,14.0203,0.0369,1.0,8
2459187.5940634,14.1303,0.0399,1.0,8
2459187.5957611,14.1282,0.0397,1.0,8
2459187.5974677,14.1195,0.0396,1.0,8
2459187.5991659,14.2215,0.0426,1.0,8
2459187.6008651,14.219,0.0425,1.0,8
2459187.6025628,14.2272,0.0429,1.0,8
2459187.6111736,14.4218,0.0754,1.0,9
2459187.6304898,14.1884,0.0796,1.0,9
2459187.632185,14.1729,0.0783,1.0,9
2459187.6338852,14.0263,0.0741,1.0,9
2459187.6355818,14.0638,0.0765,1.0,9
2459187.6372817,14.0315,0.079,1.0,9
2459187.6389791,14.0693,0.077,1.0,9
2459187.64068,14.0344,0.077,1.0,9
2459187.6423784,13.9253,0.0728,1.0,9
2459187.6440763,13.884,0.0722,1.0,9
2459187.6457777,13.9164,0.0733,1.0,9
2459187.65063,13.8402,0.0734,1.0,9
2459187.6523301,13.8608,0.074,1.0,9
2459187.6540324,13.8741,0.0752,1.0,9
2459187.6557316,13.8631,0.0718,1.0,9
2459187.6574313,13.9064,0.076,1.0,9
2459187.6591305,13.8634,0.0745,1.0,9
2459187.6608283,13.8853,0.0746,1.0,9
2459187.6625257,13.8049,0.0761,1.0,9
2459187.6642253,13.8809,0.0748,1.0,9
2459187.6659207,13.7631,0.0774,1.0,9
2459187.667618,13.8374,0.0735,1.0,9
2459187.6693194,13.8593,0.0799,1.0,9
2459187.6710198,13.808,0.0783,1.0,9
2459187.6727191,13.9423,0.0788,1.0,9
2459187.674419,13.8658,0.0745,1.0,9
2459187.6761157,13.9786,0.0796,1.0,9
2459187.6778203,13.8865,0.0766,1.0,9
2459187.679521,13.88,0.0771,1.0,9
2459187.6812191,13.9193,0.0802,1.0,9
2459187.6829181,13.9085,0.0823,1.0,9
2459187.6846052,13.992,0.0794,1.0,9
2459187.6863043,13.9683,0.0788,1.0,9
2459187.6880058,13.9941,0.0847,1.0,9
2459187.6929863,14.0718,0.0825,1.0,9
2459187.6946838,14.0555,0.0845,1.0,9
2459187.6963835,14.0734,0.0855,1.0,9
2459187.6980709,14.1104,0.092,1.0,9
2459188.475768,14.4077,0.0891,1.0,10
2459188.477465,14.3917,0.0939,1.0,10
2459188.4791671,14.3829,0.1072,1.0,10
2459188.4855251,14.2802,0.1042,1.0,10
2459188.4872265,14.2525,0.0986,1.0,10
2459188.4955966,14.2253,0.0933,1.0,10
2459188.497295,14.199,0.1019,1.0,10
2459188.498992,14.1947,0.1041,1.0,10
2459188.5006919,14.1771,0.0938,1.0,10
2459188.5023974,14.2265,0.1051,1.0,10
2459188.5040967,14.2777,0.1057,1.0,10
2459188.5182299,14.2714,0.1148,1.0,10
2459188.5199299,14.3757,0.1075,1.0,10
2459188.5216312,14.3791,0.1142,1.0,10
2459188.5250274,14.4144,0.0993,1.0,10
2459188.5267313,14.426,0.1014,1.0,10
2459188.5284312,14.3864,0.0991,1.0,10
2459188.5301274,14.4708,0.1049,1.0,10
2459188.5386155,14.5321,0.0877,1.0,10
2459188.5403129,14.6897,0.1003,1.0,10
2459188.5420191,14.6759,0.0951,1.0,10
2459188.5814274,14.4928,0.0798,1.0,10
2459188.583123,14.3962,0.0734,1.0,10
2459188.5848207,14.4405,0.0817,1.0,10
2459188.5865204,14.3246,0.0791,1.0,10
2459188.5882197,14.347,0.0748,1.0,10
2459188.5899195,14.3475,0.0729,1.0,10
2459188.6039765,14.3708,0.0767,1.0,10
2459188.6056742,14.2876,0.0779,1.0,10
2459188.6120275,14.2428,0.0759,1.0,10
2459188.6137253,14.2342,0.073,1.0,10
2459188.6154289,14.2527,0.0783,1.0,10
2459188.6237949,14.3621,0.0745,1.0,10
2459188.6254928,14.3056,0.0752,1.0,10
2459188.6271804,14.3914,0.0777,1.0,10
2459188.6288783,14.3997,0.0803,1.0,10
2459188.6305779,14.3306,0.0769,1.0,10
2459188.6322782,14.4002,0.0808,1.0,10
2459188.6910136,14.3643,0.0872,1.0,10
2459188.6927124,14.3157,0.0892,1.0,10
2459188.49936,10.477,0.016,1.0,11
2459188.50089,10.483,0.014,1.0,11
2459188.50393,10.47,0.017,1.0,11
2459188.50547,10.489,0.019,1.0,11
2459188.507,10.459,0.017,1.0,11
2459188.50853,10.52,0.014,1.0,11
2459188.51004,10.502,0.024,1.0,11
2459188.51157,10.55,0.017,1.0,11
2459188.51463,10.536,0.017,1.0,11
2459188.51615,10.544,0.02,1.0,11
2459188.52145,10.583,0.017,1.0,11
2459188.52298,10.612,0.017,1.0,11
2459188.52451,10.624,0.019,1.0,11
2459188.52451,10.62,0.018,1.0,11
2459188.52603,10.604,0.018,1.0,11
2459188.52756,10.677,0.017,1.0,11
2459188.52909,10.604,0.021,1.0,11
2459188.53165,10.731,0.018,1.0,11
2459188.53316,10.669,0.021,1.0,11
2459188.53622,10.838,0.023,1.0,11
2459188.53775,10.843,0.021,1.0,11
2459188.53928,10.769,0.024,1.0,11
2459188.5408,10.974,0.023,1.0,11
2459188.54232,10.92,0.023,1.0,11
2459188.54385,10.94,0.025,1.0,11
2459188.54538,11.205,0.024,1.0,11
2459188.54689,11.106,0.028,1.0,11
2459188.54842,11.331,0.044,1.0,11
2459188.55333,11.49,0.041,1.0,11
2459188.55485,11.481,0.049,1.0,11
2459188.55637,11.599,0.042,1.0,11
2459188.5579,11.602,0.037,1.0,11
2459188.55943,11.572,0.033,1.0,11
2459188.56095,11.27,0.027,1.0,11
2459188.56248,11.403,0.032,1.0,11
2459188.56401,11.421,0.038,1.0,11
2459188.56553,11.289,0.03,1.0,11
2459188.56705,11.285,0.028,1.0,11
2459188.56858,11.112,0.026,1.0,11
2459188.5701,11.147,0.026,1.0,11
2459188.57163,11.054,0.026,1.0,11
2459188.57315,11.03,0.027,1.0,11
2459188.57468,10.894,0.024,1.0,11
2459188.5762,10.954,0.025,1.0,11
2459188.57773,10.804,0.025,1.0,11
2459188.57926,10.814,0.021,1.0,11
2459192.25035,10.58,0.013,1.0,12
2459192.25538,10.546,0.014,1.0,12
2459192.26042,10.483,0.014,1.0,12
2459192.26545,10.48,0.015,1.0,12
2459192.27048,10.486,0.013,1.0,12
2459192.27552,10.451,0.012,1.0,12
2459192.28055,10.511,0.013,1.0,12
2459192.28559,10.55,0.014,1.0,12
2459192.29062,10.579,0.014,1.0,12
2459192.29566,10.632,0.014,1.0,12
2459192.30069,10.718,0.016,1.0,12
2459192.30572,10.94,0.018,1.0,12
2459192.31076,11.111,0.021,1.0,12
2459192.31579,11.334,0.024,1.0,12
2459192.32083,11.54,0.029,1.0,12
2459192.32585,11.554,0.027,1.0,12
2459192.33088,11.335,0.023,1.0,12
2459192.33592,11.093,0.02,1.0,12
2459192.34095,10.903,0.017,1.0,12
2459192.34599,10.78,0.017,1.0,12
2459192.35102,10.651,0.013,1.0,12
2459192.35606,10.574,0.012,1.0,12
2459192.36109,10.537,0.012,1.0,12
2459192.36612,10.486,0.013,1.0,12
2459192.37116,10.489,0.015,1.0,12
